,Requested Data
0,Data scraping
1,Scraper site
2,
3,verification
4,improve this article
5,adding citations to reliable sources
6,"""Web scraping"""
7,news
8,newspapers
9,books
10,scholar
11,JSTOR
12,Learn how and when to remove this template message
13,data scraping
14,extracting data
15,websites
16,[1]
17,World Wide Web
18,Hypertext Transfer Protocol
19,bot
20,web crawler
21,database
22,retrieval
23,analysis
24,parsed
25,contact scraping
26,web indexing
27,web mining
28,data mining
29,price comparison
30,website change detection
31,web mashup
32,web data integration
33,Web pages
34,HTML
35,XHTML
36,end-users
37,JSON
38,DOM
39,computer vision
40,natural language processing
41,edit
42,cite
43,sources
44,improve this section
45,removed
46,[2]
47,World Wide Web Wanderer
48,JumpStation
49,API
50,Salesforce
51,eBay
52,semantic web
53,human-computer interactions
54,grep
55,regular expression
56,Perl
57,Python
58,Static
59,dynamic web pages
60,socket programming
61,wrapper
62,[3]
63,semi-structured data
64,XQuery
65,Document Object Model
66,Internet Explorer
67,Mozilla
68,Xpath
69,Long Tail
70,metadata
71,Microformat
72,[4]
73,machine learning
74,[5]
75,worldwide view
76,talk page
77,terms of service
78,[6]
79,legal claims
80,Computer Fraud and Abuse Act
81,trespass to chattel
82,[7]
83,Feist Publications v. Rural Telephone Service
84,trespass to chattels
85,[8]
86,[9]
87,eBay v. Bidder's Edge
88,auction sniping
89,chattels
90,plaintiff
91,defendant
92,[10]
93,screen scraping
94,American Airlines
95,[11]
96,injunction
97,[12]
98,Southwest Airlines
99,US Copyright law
100,Supreme Court of the United States
101,Yahoo!
102,[13]
103,Craigslist v. 3Taps
104,[14]
105,"Cvent, Inc."
106,"Eventbrite, Inc."
107,browse wrap
108,[15]
109,United States District Court for the Eastern District of Pennsylvania
110,[16]
111,QVC
112,[17]
113,[18]
114,"Facebook, Inc. v. Power Ventures, Inc."
115,Electronic Frontier Foundation
116,[19]
117,[20]
118,"Associated Press v. Meltwater U.S. Holdings, Inc."
119,Internet Archive
120,citation needed
121,Danish Maritime and Commercial Court
122,[21]
123,inchoate
124,Ryanair's
125,click-wrap
126,Michael Hanna
127,[22]
128,[23]
129,[24]
130,[25]
131,Spam Act 2003
132,[26]
133,[27]
134,"Information Technology Act, 2000"
135,IP address
136,geolocation
137,DNSRBL
138,web service
139,user agent
140,strings
141,robots.txt
142,googlebot
143,CAPTCHA
144,application firewalls
145,[28]
146,honeypot
147,Obfuscation
148,CSS sprites
149,accessibility
150,screen reader
151,Archive.today
152,Comparison of feed aggregators
153,Data wrangling
154,Importer
155,Job wrapping
156,Knowledge extraction
157,OpenSocial
158,Fake news website
159,Blog scraping
160,Spamdexing
161,Domain name drop list
162,Text corpus
163,Web archiving
164,Web crawler
165,Offline reader
166,Link farm
167,Search engine scraping
168,Web crawlers
169,^
170,"""SASSCAL WebSAPI: A Web Scraping Application Programming Interface to Support Access to SASSCAL's Weather Data"""
171,doi
172,10.5334/dsj-2021-024
173,ISSN
174,1683-1470
175,S2CID
176,237719804
177,"""Search Engine History.com"""
178,"""Joint optimization of wrapper generation and template detection"""
179,10.1145/1281192.1281287
180,ISBN
181,9781595936097
182,833565
183,the original
184,Semantic annotation based web scraping
185,"""Diffbot Is Using Computer Vision to Reinvent the Semantic Web"""
186,"""FAQ about linking – Are website terms of use binding contracts?"""
187,"""Symbiotic Relationships: Pragmatic Acceptance of Data Scraping"""
188,10.15779/Z38B39B
189,1086-3818
190,cite journal
191,link
192,"""Internet Law, Ch. 06: Trespass to Chattels"""
193,"""What are the ""trespass to chattels"" claims some companies or website owners have brought?"""
194,"""Ticketmaster Corp. v. Tickets.com, Inc"""
195,"""American Airlines v. FareChase"""
196,"""American Airlines, FareChase Settle Suit"""
197,Detecting and Blocking Site Scraping Attacks
198,"""Controversy Surrounds 'Screen Scrapers': Software Helps Users Access Web Sites But Activity by Competitors Comes Under Scrutiny"""
199,"""QVC Inc. v. Resultly LLC, No. 14-06714 (E.D. Pa. filed Nov. 24, 2014)"""
200,"""QVC Sues Shopping App for Web Scraping That Allegedly Triggered Site Outage"""
201,"""Did Iqbal/Twombly Raise the Bar for Browsewrap Claims?"""
202,"""Can Scraping Non-Infringing Content Become Copyright Infringement... Because Of How Scrapers Work? | Techdirt"""
203,"""Facebook v. Power Ventures"""
204,"""UDSKRIFT AF SØ- & HANDELSRETTENS DOMBOG"""
205,"""High Court of Ireland Decisions >> Ryanair Ltd -v- Billigfluege.de GMBH 2010 IEHC 47 (26 February 2010)"""
206,"""Intellectual Property: Website Terms of Use"""
207,"""La réutilisation des données publiquement accessibles en ligne à des fins de démarchage commercial | CNIL"""
208,"""Can You Still Perform Web Scraping With The New CNIL Guidelines?"""
209,"""Spam Act 2003: An overview for business"""
210,"""Spam Act 2003: A practical guide for business"""
211,Breaking Fraud & Bot Detection Solutions
